Frame Start,Predicted Labels
0,driver_actions/safe_drive;gaze_on_road/looking_road;hands_using_wheel/both
16,driver_actions/safe_drive;gaze_on_road/looking_road;hands_using_wheel/both
32,driver_actions/safe_drive;gaze_on_road/looking_road;hands_using_wheel/both
48,driver_actions/safe_drive;gaze_on_road/looking_road;hands_using_wheel/both
64,driver_actions/safe_drive;gaze_on_road/looking_road;hands_using_wheel/both
80,driver_actions/safe_drive;gaze_on_road/looking_road;hands_using_wheel/both
96,driver_actions/safe_drive;gaze_on_road/looking_road;hands_using_wheel/both
112,driver_actions/safe_drive;gaze_on_road/looking_road;hands_using_wheel/both
128,driver_actions/safe_drive;gaze_on_road/looking_road;hands_using_wheel/both
144,driver_actions/safe_drive;gaze_on_road/looking_road;hands_using_wheel/both
160,driver_actions/safe_drive;gaze_on_road/looking_road;hands_using_wheel/both
176,driver_actions/safe_drive;gaze_on_road/looking_road;hands_using_wheel/both
192,driver_actions/safe_drive;gaze_on_road/looking_road;hands_using_wheel/both
208,driver_actions/safe_drive;gaze_on_road/looking_road;hands_using_wheel/both
224,driver_actions/safe_drive;gaze_on_road/looking_road;hands_using_wheel/both
240,driver_actions/safe_drive;gaze_on_road/looking_road;hands_using_wheel/both
256,driver_actions/safe_drive;gaze_on_road/looking_road;hands_using_wheel/both
272,driver_actions/safe_drive;gaze_on_road/looking_road;hands_using_wheel/both
288,driver_actions/safe_drive;gaze_on_road/looking_road;hands_using_wheel/both
304,driver_actions/safe_drive;gaze_on_road/looking_road;hands_using_wheel/both
320,driver_actions/safe_drive;gaze_on_road/looking_road;hands_using_wheel/both
336,driver_actions/safe_drive;gaze_on_road/looking_road;hands_using_wheel/both
352,driver_actions/safe_drive;gaze_on_road/looking_road;hands_using_wheel/both
368,driver_actions/safe_drive;gaze_on_road/looking_road;hands_using_wheel/both
384,driver_actions/reach_side;gaze_on_road/looking_road;hands_using_wheel/only_left
400,driver_actions/reach_side;gaze_on_road/looking_road;hands_using_wheel/only_left
416,driver_actions/reach_side;gaze_on_road/looking_road;hands_using_wheel/only_left
432,driver_actions/reach_side;gaze_on_road/looking_road;hands_using_wheel/only_left
448,driver_actions/reach_side;gaze_on_road/looking_road;hands_using_wheel/only_left
464,driver_actions/reach_side;gaze_on_road/looking_road;hands_using_wheel/only_left
480,driver_actions/reach_side;gaze_on_road/looking_road;hands_using_wheel/only_left
496,driver_actions/reach_side;gaze_on_road/looking_road;hands_using_wheel/only_left
512,driver_actions/reach_side;gaze_on_road/looking_road;hands_using_wheel/only_left
528,driver_actions/reach_side;gaze_on_road/looking_road;hands_using_wheel/only_left
544,driver_actions/reach_side;gaze_on_road/looking_road;hands_using_wheel/only_left
560,driver_actions/reach_side;driver_actions/unclassified;gaze_on_road/looking_road;hands_using_wheel/only_left
576,driver_actions/unclassified;gaze_on_road/looking_road;hands_using_wheel/only_left
592,gaze_on_road/looking_road;hands_using_wheel/only_left
608,driver_actions/hair_and_makeup;gaze_on_road/not_looking_road;hands_using_wheel/only_left
624,driver_actions/hair_and_makeup;gaze_on_road/not_looking_road;hands_using_wheel/only_left
640,driver_actions/hair_and_makeup;gaze_on_road/looking_road;gaze_on_road/not_looking_road;hands_using_wheel/only_left
656,driver_actions/hair_and_makeup;gaze_on_road/looking_road;hands_using_wheel/only_left
672,driver_actions/hair_and_makeup;gaze_on_road/not_looking_road;hands_using_wheel/only_left
688,driver_actions/hair_and_makeup;driver_actions/reach_side;gaze_on_road/looking_road;hands_using_wheel/only_left
704,driver_actions/reach_side;gaze_on_road/looking_road;hands_using_wheel/only_left
720,driver_actions/reach_side;gaze_on_road/looking_road;hands_using_wheel/only_left
736,driver_actions/reach_side;gaze_on_road/not_looking_road;hands_using_wheel/only_left
752,driver_actions/reach_side;gaze_on_road/looking_road;hands_using_wheel/only_left
768,driver_actions/reach_side;gaze_on_road/looking_road;hands_using_wheel/only_left
784,driver_actions/reach_side;gaze_on_road/looking_road;hands_using_wheel/only_left
800,driver_actions/reach_side;gaze_on_road/looking_road;hands_using_wheel/only_left
816,gaze_on_road/looking_road;hands_using_wheel/only_left
832,driver_actions/reach_side;gaze_on_road/looking_road;hands_using_wheel/only_left
848,driver_actions/reach_side;gaze_on_road/looking_road;hands_using_wheel/only_left
864,driver_actions/reach_side;gaze_on_road/looking_road;hands_using_wheel/only_left
880,driver_actions/safe_drive;gaze_on_road/looking_road;hands_using_wheel/both
896,driver_actions/safe_drive;gaze_on_road/looking_road;hands_using_wheel/both
912,driver_actions/safe_drive;gaze_on_road/looking_road;hands_using_wheel/both
928,driver_actions/safe_drive;gaze_on_road/looking_road;hands_using_wheel/both
944,driver_actions/safe_drive;gaze_on_road/looking_road;hands_using_wheel/both
960,driver_actions/safe_drive;gaze_on_road/looking_road;hands_using_wheel/both
976,driver_actions/safe_drive;gaze_on_road/looking_road;hands_using_wheel/both
992,driver_actions/safe_drive;gaze_on_road/looking_road;hands_using_wheel/both
1008,driver_actions/safe_drive;gaze_on_road/looking_road;hands_using_wheel/both
1024,driver_actions/safe_drive;gaze_on_road/looking_road;hands_using_wheel/both
1040,driver_actions/safe_drive;gaze_on_road/looking_road;hands_using_wheel/both
1056,driver_actions/safe_drive;gaze_on_road/looking_road;hands_using_wheel/both
1072,driver_actions/safe_drive;gaze_on_road/looking_road;hands_using_wheel/both
1088,driver_actions/safe_drive;gaze_on_road/looking_road;gaze_on_road/not_looking_road;hands_using_wheel/both
1104,driver_actions/reach_side;driver_actions/safe_drive;gaze_on_road/looking_road;gaze_on_road/not_looking_road;hands_using_wheel/both;hands_using_wheel/only_left
1120,driver_actions/reach_side;gaze_on_road/looking_road;hands_using_wheel/only_left
1136,driver_actions/reach_side;gaze_on_road/looking_road;hands_using_wheel/only_left
1152,driver_actions/reach_side;gaze_on_road/looking_road;hands_using_wheel/only_left
1168,driver_actions/texting_right;gaze_on_road/looking_road;gaze_on_road/not_looking_road;hands_using_wheel/only_left
1184,driver_actions/texting_right;gaze_on_road/looking_road;hands_using_wheel/only_left
1200,gaze_on_road/looking_road;hands_using_wheel/only_left
1216,driver_actions/phonecall_right;gaze_on_road/looking_road;hands_using_wheel/only_left
1232,driver_actions/phonecall_right;gaze_on_road/looking_road;hands_using_wheel/only_left
1248,driver_actions/phonecall_right;gaze_on_road/looking_road;hands_using_wheel/only_left
1264,driver_actions/phonecall_right;gaze_on_road/looking_road;hands_using_wheel/only_left
1280,driver_actions/phonecall_right;gaze_on_road/looking_road;hands_using_wheel/only_left
1296,driver_actions/phonecall_right;gaze_on_road/looking_road;hands_using_wheel/only_left
1312,driver_actions/phonecall_right;gaze_on_road/looking_road;hands_using_wheel/only_left;talking/talking
1328,driver_actions/phonecall_right;gaze_on_road/looking_road;hands_using_wheel/only_left;talking/talking
1344,driver_actions/phonecall_right;gaze_on_road/looking_road;hands_using_wheel/only_left;talking/talking
1360,driver_actions/phonecall_right;gaze_on_road/looking_road;hands_using_wheel/only_left;talking/talking
1376,driver_actions/phonecall_right;gaze_on_road/looking_road;hands_using_wheel/only_left;talking/talking
1392,driver_actions/phonecall_right;gaze_on_road/looking_road;hands_using_wheel/only_left;talking/talking
1408,driver_actions/phonecall_right;gaze_on_road/looking_road;hands_using_wheel/only_left;talking/talking
1424,driver_actions/phonecall_right;gaze_on_road/looking_road;hands_using_wheel/only_left
1440,driver_actions/phonecall_right;gaze_on_road/looking_road;hands_using_wheel/only_left
1456,driver_actions/phonecall_right;gaze_on_road/looking_road;hands_using_wheel/only_left;talking/talking
1472,driver_actions/phonecall_right;gaze_on_road/looking_road;hands_using_wheel/only_left
1488,driver_actions/phonecall_right;gaze_on_road/looking_road;hands_using_wheel/only_left
1504,driver_actions/phonecall_right;gaze_on_road/looking_road;hands_using_wheel/only_left
1520,driver_actions/phonecall_right;gaze_on_road/looking_road;hands_using_wheel/only_left;talking/talking
1536,driver_actions/phonecall_right;gaze_on_road/looking_road;hands_using_wheel/only_left;talking/talking
1552,driver_actions/phonecall_right;gaze_on_road/looking_road;hands_using_wheel/only_left;talking/talking
1568,driver_actions/phonecall_right;gaze_on_road/looking_road;hands_using_wheel/only_left;talking/talking
1584,driver_actions/phonecall_right;gaze_on_road/looking_road;hands_using_wheel/only_left;talking/talking
1600,driver_actions/phonecall_right;gaze_on_road/looking_road;hands_using_wheel/only_left;talking/talking
1616,driver_actions/phonecall_right;gaze_on_road/looking_road;hands_using_wheel/only_left;talking/talking
1632,driver_actions/phonecall_right;gaze_on_road/looking_road;hands_using_wheel/only_left;talking/talking
1648,driver_actions/phonecall_right;gaze_on_road/looking_road;hands_using_wheel/only_left
1664,driver_actions/phonecall_right;gaze_on_road/looking_road;hands_using_wheel/only_left
1680,driver_actions/phonecall_right;gaze_on_road/looking_road;hands_using_wheel/only_left
1696,driver_actions/phonecall_right;gaze_on_road/looking_road;hands_using_wheel/only_left
1712,driver_actions/phonecall_right;gaze_on_road/looking_road;hands_using_wheel/only_left
1728,driver_actions/phonecall_right;gaze_on_road/looking_road;hands_using_wheel/only_left
1744,driver_actions/phonecall_right;gaze_on_road/looking_road;hands_using_wheel/only_left
1760,driver_actions/phonecall_right;gaze_on_road/looking_road;hands_using_wheel/only_left
1776,driver_actions/phonecall_right;gaze_on_road/looking_road;hands_using_wheel/only_left
1792,driver_actions/phonecall_right;gaze_on_road/looking_road;hands_using_wheel/only_left;talking/talking
1808,driver_actions/phonecall_right;gaze_on_road/looking_road;hands_using_wheel/only_left
1824,driver_actions/phonecall_right;gaze_on_road/looking_road;hands_using_wheel/only_left
1840,driver_actions/phonecall_right;gaze_on_road/looking_road;hands_using_wheel/only_left
1856,driver_actions/phonecall_right;gaze_on_road/looking_road;hands_using_wheel/only_left
1872,driver_actions/phonecall_right;gaze_on_road/looking_road;hands_using_wheel/only_left
1888,driver_actions/phonecall_right;gaze_on_road/looking_road;hands_using_wheel/only_left
1904,driver_actions/phonecall_right;gaze_on_road/looking_road;hands_using_wheel/only_left
1920,driver_actions/phonecall_right;gaze_on_road/looking_road;hands_using_wheel/only_left
1936,driver_actions/phonecall_right;gaze_on_road/looking_road;hands_using_wheel/only_left;talking/talking
1952,driver_actions/phonecall_right;gaze_on_road/looking_road;hands_using_wheel/only_left
1968,driver_actions/phonecall_right;gaze_on_road/looking_road;hands_using_wheel/only_left;talking/talking
1984,driver_actions/phonecall_right;gaze_on_road/looking_road;hands_using_wheel/only_left;talking/talking
2000,driver_actions/phonecall_right;gaze_on_road/looking_road;gaze_on_road/not_looking_road;hands_using_wheel/only_left;talking/talking
2016,driver_actions/hair_and_makeup;gaze_on_road/looking_road;gaze_on_road/not_looking_road;hands_using_wheel/only_left
2032,driver_actions/reach_side;gaze_on_road/looking_road;gaze_on_road/not_looking_road;hands_using_wheel/only_left
2048,driver_actions/reach_side;gaze_on_road/not_looking_road;hands_using_wheel/only_left
2064,driver_actions/reach_side;gaze_on_road/looking_road;gaze_on_road/not_looking_road;hands_using_wheel/only_left
2080,driver_actions/reach_side;gaze_on_road/looking_road;hands_using_wheel/only_left
2096,driver_actions/safe_drive;gaze_on_road/looking_road;hands_using_wheel/both
2112,driver_actions/safe_drive;gaze_on_road/looking_road;hands_using_wheel/both
2128,driver_actions/safe_drive;gaze_on_road/looking_road;hands_using_wheel/both
2144,driver_actions/safe_drive;gaze_on_road/looking_road;hands_using_wheel/both
2160,driver_actions/safe_drive;gaze_on_road/looking_road;hands_using_wheel/both
2176,driver_actions/safe_drive;gaze_on_road/looking_road;hands_using_wheel/both
2192,driver_actions/safe_drive;gaze_on_road/looking_road;hands_using_wheel/both
2208,driver_actions/safe_drive;gaze_on_road/looking_road;hands_using_wheel/both
2224,driver_actions/safe_drive;gaze_on_road/looking_road;hands_using_wheel/both
2240,driver_actions/safe_drive;gaze_on_road/looking_road;hands_using_wheel/both
2256,driver_actions/safe_drive;gaze_on_road/looking_road;hands_using_wheel/both
2272,driver_actions/safe_drive;gaze_on_road/looking_road;hands_using_wheel/both
2288,driver_actions/safe_drive;gaze_on_road/looking_road;hands_using_wheel/both
2304,driver_actions/safe_drive;gaze_on_road/looking_road;hands_using_wheel/both
2320,driver_actions/safe_drive;gaze_on_road/looking_road;hands_using_wheel/both
2336,driver_actions/safe_drive;gaze_on_road/looking_road;hands_using_wheel/both
2352,driver_actions/safe_drive;gaze_on_road/looking_road;hands_using_wheel/both
2368,driver_actions/safe_drive;gaze_on_road/looking_road;hands_using_wheel/both
2384,driver_actions/safe_drive;gaze_on_road/looking_road;hands_using_wheel/both
2400,driver_actions/reach_side;gaze_on_road/not_looking_road;hands_using_wheel/only_left
2416,driver_actions/reach_side;gaze_on_road/looking_road;gaze_on_road/not_looking_road;hands_using_wheel/only_left
2432,driver_actions/reach_side;gaze_on_road/looking_road;gaze_on_road/not_looking_road;hands_using_wheel/only_left
2448,driver_actions/unclassified;gaze_on_road/looking_road;gaze_on_road/not_looking_road;hands_using_wheel/only_left
2464,driver_actions/texting_right;gaze_on_road/not_looking_road;hands_using_wheel/only_left
2480,driver_actions/texting_right;gaze_on_road/looking_road;gaze_on_road/not_looking_road;hands_using_wheel/only_left
2496,driver_actions/texting_right;gaze_on_road/looking_road;hands_using_wheel/only_left
2512,gaze_on_road/looking_road;hands_using_wheel/only_left
2528,driver_actions/texting_right;gaze_on_road/looking_road;gaze_on_road/not_looking_road;hands_using_wheel/only_left
2544,driver_actions/texting_right;gaze_on_road/looking_road;gaze_on_road/not_looking_road;hands_using_wheel/only_left
2560,driver_actions/texting_right;gaze_on_road/not_looking_road;hands_using_wheel/only_left
2576,driver_actions/texting_right;gaze_on_road/not_looking_road;hands_using_wheel/only_left
2592,driver_actions/texting_right;gaze_on_road/looking_road;gaze_on_road/not_looking_road;hands_using_wheel/only_left
2608,driver_actions/unclassified;gaze_on_road/looking_road;gaze_on_road/not_looking_road;hands_using_wheel/only_left
2624,driver_actions/unclassified;gaze_on_road/looking_road;gaze_on_road/not_looking_road;hands_using_wheel/only_left
2640,driver_actions/unclassified;gaze_on_road/looking_road;gaze_on_road/not_looking_road;hands_using_wheel/only_left
2656,gaze_on_road/looking_road;gaze_on_road/not_looking_road;hands_using_wheel/only_left
2672,driver_actions/texting_right;gaze_on_road/not_looking_road;hands_using_wheel/only_left
2688,driver_actions/texting_right;gaze_on_road/looking_road;gaze_on_road/not_looking_road;hands_using_wheel/only_left
2704,gaze_on_road/looking_road;hands_using_wheel/only_left
2720,driver_actions/texting_right;gaze_on_road/looking_road;gaze_on_road/not_looking_road;hands_using_wheel/only_left
2736,driver_actions/texting_right;gaze_on_road/not_looking_road;hands_using_wheel/only_left
2752,gaze_on_road/looking_road;hands_using_wheel/only_left
2768,gaze_on_road/looking_road;hands_using_wheel/only_left
2784,gaze_on_road/looking_road;gaze_on_road/not_looking_road;hands_using_wheel/only_left
2800,driver_actions/texting_right;gaze_on_road/looking_road;gaze_on_road/not_looking_road;hands_using_wheel/only_left
2816,gaze_on_road/looking_road;gaze_on_road/not_looking_road;hands_using_wheel/only_left
2832,driver_actions/texting_right;gaze_on_road/not_looking_road;hands_using_wheel/only_left
2848,gaze_on_road/looking_road;gaze_on_road/not_looking_road;hands_using_wheel/only_left
2864,driver_actions/unclassified;gaze_on_road/looking_road;hands_using_wheel/only_left
2880,gaze_on_road/looking_road;hands_using_wheel/only_left
2896,gaze_on_road/looking_road;gaze_on_road/not_looking_road;hands_using_wheel/only_left
2912,gaze_on_road/looking_road;gaze_on_road/not_looking_road;hands_using_wheel/only_left
2928,driver_actions/reach_side;gaze_on_road/not_looking_road;hands_using_wheel/only_left
2944,driver_actions/reach_side;gaze_on_road/not_looking_road;hands_using_wheel/only_left
2960,driver_actions/reach_side;gaze_on_road/looking_road;hands_using_wheel/only_left
2976,driver_actions/reach_side;gaze_on_road/looking_road;hands_using_wheel/only_left
2992,driver_actions/reach_side;gaze_on_road/looking_road;hands_using_wheel/only_left
3008,driver_actions/reach_side;driver_actions/safe_drive;gaze_on_road/looking_road;hands_using_wheel/only_left
3024,driver_actions/safe_drive;gaze_on_road/looking_road;hands_using_wheel/both
3040,driver_actions/safe_drive;gaze_on_road/looking_road;hands_using_wheel/both
3056,driver_actions/safe_drive;gaze_on_road/looking_road;hands_using_wheel/both
3072,driver_actions/safe_drive;gaze_on_road/looking_road;hands_using_wheel/both
3088,driver_actions/safe_drive;gaze_on_road/looking_road;hands_using_wheel/both
3104,driver_actions/safe_drive;gaze_on_road/looking_road;hands_using_wheel/both
3120,driver_actions/safe_drive;gaze_on_road/looking_road;hands_using_wheel/both
3136,driver_actions/safe_drive;gaze_on_road/looking_road;hands_using_wheel/both
3152,driver_actions/safe_drive;gaze_on_road/looking_road;hands_using_wheel/both
3168,driver_actions/safe_drive;gaze_on_road/looking_road;hands_using_wheel/both
3184,driver_actions/safe_drive;gaze_on_road/looking_road;hands_using_wheel/both
3200,driver_actions/safe_drive;gaze_on_road/looking_road;hands_using_wheel/both
3216,driver_actions/safe_drive;gaze_on_road/looking_road;hands_using_wheel/both
3232,driver_actions/safe_drive;gaze_on_road/looking_road;hands_using_wheel/both
3248,driver_actions/safe_drive;gaze_on_road/looking_road;hands_using_wheel/both
3264,driver_actions/safe_drive;gaze_on_road/looking_road;hands_using_wheel/both
3280,driver_actions/safe_drive;gaze_on_road/looking_road;hands_using_wheel/both
3296,driver_actions/safe_drive;gaze_on_road/looking_road;hands_using_wheel/both
3312,driver_actions/safe_drive;gaze_on_road/looking_road;hands_using_wheel/both
3328,driver_actions/safe_drive;gaze_on_road/looking_road;hands_using_wheel/both
3344,driver_actions/safe_drive;gaze_on_road/looking_road;hands_using_wheel/both
3360,driver_actions/safe_drive;gaze_on_road/looking_road;hands_using_wheel/both;hands_using_wheel/only_left
3376,driver_actions/reach_side;gaze_on_road/looking_road;gaze_on_road/not_looking_road;hands_using_wheel/only_left
3392,driver_actions/reach_side;gaze_on_road/looking_road;hands_using_wheel/only_left
3408,driver_actions/reach_side;gaze_on_road/looking_road;hands_using_wheel/only_left
3424,gaze_on_road/looking_road;hands_using_wheel/only_left
3440,driver_actions/phonecall_right;gaze_on_road/looking_road;hands_using_wheel/only_left;talking/talking
3456,driver_actions/phonecall_right;gaze_on_road/looking_road;hands_using_wheel/only_left;talking/talking
3472,driver_actions/phonecall_right;gaze_on_road/looking_road;hands_using_wheel/only_left;talking/talking
3488,driver_actions/phonecall_right;gaze_on_road/looking_road;hands_using_wheel/only_left;talking/talking
3504,driver_actions/phonecall_right;gaze_on_road/looking_road;hands_using_wheel/only_left;talking/talking
3520,driver_actions/phonecall_right;gaze_on_road/looking_road;hands_using_wheel/only_left
3536,driver_actions/phonecall_right;gaze_on_road/looking_road;hands_using_wheel/only_left;talking/talking
3552,driver_actions/phonecall_right;gaze_on_road/looking_road;hands_using_wheel/only_left
3568,driver_actions/phonecall_right;gaze_on_road/looking_road;hands_using_wheel/only_left
3584,driver_actions/phonecall_right;gaze_on_road/looking_road;hands_using_wheel/only_left
3600,driver_actions/phonecall_right;gaze_on_road/looking_road;hands_using_wheel/only_left
3616,driver_actions/phonecall_right;gaze_on_road/looking_road;hands_using_wheel/only_left
3632,driver_actions/phonecall_right;gaze_on_road/looking_road;hands_using_wheel/only_left
3648,driver_actions/phonecall_right;gaze_on_road/looking_road;hands_using_wheel/only_left
3664,driver_actions/phonecall_right;gaze_on_road/looking_road;hands_using_wheel/only_left;talking/talking
3680,driver_actions/phonecall_right;gaze_on_road/looking_road;hands_using_wheel/only_left
3696,driver_actions/phonecall_right;gaze_on_road/looking_road;hands_using_wheel/only_left;talking/talking
3712,driver_actions/phonecall_right;gaze_on_road/looking_road;hands_using_wheel/only_left;talking/talking
3728,driver_actions/phonecall_right;gaze_on_road/looking_road;hands_using_wheel/only_left
3744,driver_actions/phonecall_right;gaze_on_road/looking_road;hands_using_wheel/only_left
3760,driver_actions/phonecall_right;gaze_on_road/looking_road;hands_using_wheel/only_left
3776,driver_actions/phonecall_right;gaze_on_road/looking_road;hands_using_wheel/only_left
3792,driver_actions/phonecall_right;gaze_on_road/looking_road;hands_using_wheel/only_left
3808,driver_actions/phonecall_right;gaze_on_road/looking_road;hands_using_wheel/only_left
3824,driver_actions/phonecall_right;gaze_on_road/looking_road;hands_using_wheel/only_left;talking/talking
3840,driver_actions/phonecall_right;gaze_on_road/looking_road;hands_using_wheel/only_left;talking/talking
3856,driver_actions/phonecall_right;gaze_on_road/looking_road;hands_using_wheel/only_left
3872,driver_actions/phonecall_right;gaze_on_road/looking_road;hands_using_wheel/only_left
3888,driver_actions/phonecall_right;gaze_on_road/looking_road;hands_using_wheel/only_left
3904,driver_actions/phonecall_right;gaze_on_road/looking_road;hands_using_wheel/only_left
3920,driver_actions/phonecall_right;gaze_on_road/looking_road;hands_using_wheel/only_left;talking/talking
3936,driver_actions/phonecall_right;gaze_on_road/looking_road;hands_using_wheel/only_left
3952,driver_actions/phonecall_right;gaze_on_road/looking_road;hands_using_wheel/only_left
3968,driver_actions/phonecall_right;gaze_on_road/looking_road;hands_using_wheel/only_left
3984,driver_actions/phonecall_right;gaze_on_road/looking_road;hands_using_wheel/only_left
4000,driver_actions/phonecall_right;gaze_on_road/looking_road;hands_using_wheel/only_left
4016,driver_actions/phonecall_right;gaze_on_road/looking_road;hands_using_wheel/only_left;talking/talking
4032,driver_actions/phonecall_right;gaze_on_road/looking_road;hands_using_wheel/only_left;talking/talking
4048,driver_actions/phonecall_right;gaze_on_road/looking_road;hands_using_wheel/only_left;talking/talking
4064,driver_actions/phonecall_right;gaze_on_road/looking_road;hands_using_wheel/only_left;talking/talking
4080,driver_actions/phonecall_right;gaze_on_road/looking_road;hands_using_wheel/only_left;talking/talking
4096,driver_actions/phonecall_right;gaze_on_road/looking_road;hands_using_wheel/only_left;talking/talking
4112,driver_actions/phonecall_right;gaze_on_road/looking_road;hands_using_wheel/only_left
4128,driver_actions/phonecall_right;gaze_on_road/looking_road;hands_using_wheel/only_left
4144,driver_actions/phonecall_right;gaze_on_road/looking_road;hands_using_wheel/only_left;talking/talking
4160,driver_actions/phonecall_right;gaze_on_road/looking_road;hands_using_wheel/only_left;talking/talking
4176,driver_actions/phonecall_right;gaze_on_road/looking_road;hands_using_wheel/only_left
4192,driver_actions/phonecall_right;gaze_on_road/looking_road;hands_using_wheel/only_left;talking/talking
4208,driver_actions/phonecall_right;gaze_on_road/looking_road;hands_using_wheel/only_left
4224,driver_actions/phonecall_right;gaze_on_road/looking_road;hands_using_wheel/only_left
4240,driver_actions/phonecall_right;gaze_on_road/looking_road;hands_using_wheel/only_left;talking/talking
4256,driver_actions/phonecall_right;gaze_on_road/looking_road;hands_using_wheel/only_left;talking/talking
4272,driver_actions/phonecall_right;gaze_on_road/looking_road;hands_using_wheel/only_left;talking/talking
4288,driver_actions/phonecall_right;gaze_on_road/looking_road;hands_using_wheel/only_left
4304,driver_actions/phonecall_right;gaze_on_road/looking_road;hands_using_wheel/only_left
4320,gaze_on_road/not_looking_road;hands_using_wheel/only_left
4336,driver_actions/reach_side;gaze_on_road/not_looking_road;hands_using_wheel/only_left
4352,driver_actions/reach_side;gaze_on_road/looking_road;hands_using_wheel/only_left
4368,driver_actions/reach_side;gaze_on_road/looking_road;hands_using_wheel/only_left
4384,driver_actions/reach_side;gaze_on_road/looking_road;hands_using_wheel/only_left
4400,driver_actions/reach_side;driver_actions/safe_drive;gaze_on_road/looking_road;hands_using_wheel/both;hands_using_wheel/only_left
4416,driver_actions/safe_drive;gaze_on_road/looking_road;hands_using_wheel/both
4432,driver_actions/safe_drive;gaze_on_road/looking_road;hands_using_wheel/both
4448,driver_actions/safe_drive;gaze_on_road/looking_road;hands_using_wheel/both
4464,driver_actions/safe_drive;gaze_on_road/looking_road;hands_using_wheel/both
4480,driver_actions/safe_drive;gaze_on_road/looking_road;hands_using_wheel/both
4496,driver_actions/safe_drive;gaze_on_road/looking_road;hands_using_wheel/both
4512,driver_actions/safe_drive;gaze_on_road/looking_road;hands_using_wheel/both
4528,driver_actions/safe_drive;gaze_on_road/looking_road;hands_using_wheel/both
4544,driver_actions/safe_drive;gaze_on_road/looking_road;hands_using_wheel/both
4560,driver_actions/safe_drive;gaze_on_road/looking_road;hands_using_wheel/both
4576,driver_actions/safe_drive;gaze_on_road/looking_road;hands_using_wheel/both
4592,driver_actions/safe_drive;gaze_on_road/looking_road;hands_using_wheel/both
4608,driver_actions/safe_drive;gaze_on_road/looking_road;hands_using_wheel/both
4624,driver_actions/safe_drive;gaze_on_road/looking_road;hands_using_wheel/both
4640,driver_actions/safe_drive;gaze_on_road/looking_road;hands_using_wheel/both
4656,driver_actions/safe_drive;gaze_on_road/looking_road;hands_using_wheel/both
4672,driver_actions/safe_drive;gaze_on_road/looking_road;hands_using_wheel/both
4688,driver_actions/safe_drive;gaze_on_road/looking_road;hands_using_wheel/both
4704,driver_actions/safe_drive;gaze_on_road/looking_road;hands_using_wheel/both
4720,driver_actions/safe_drive;gaze_on_road/looking_road;hands_using_wheel/both
4736,driver_actions/safe_drive;gaze_on_road/looking_road;hands_using_wheel/both
4752,driver_actions/safe_drive;gaze_on_road/looking_road;hands_using_wheel/both
4768,driver_actions/safe_drive;gaze_on_road/looking_road;hands_using_wheel/both
4784,driver_actions/reach_side;driver_actions/safe_drive;gaze_on_road/looking_road;gaze_on_road/not_looking_road;hands_using_wheel/both;hands_using_wheel/only_left
4800,driver_actions/reach_side;gaze_on_road/looking_road;gaze_on_road/not_looking_road;hands_using_wheel/only_left
4816,driver_actions/reach_side;gaze_on_road/not_looking_road;hands_using_wheel/only_left
4832,gaze_on_road/looking_road;gaze_on_road/not_looking_road;hands_using_wheel/only_left
4848,driver_actions/reach_side;gaze_on_road/looking_road;gaze_on_road/not_looking_road;hands_using_wheel/only_left
4864,driver_actions/unclassified;gaze_on_road/looking_road;hands_using_wheel/only_left
4880,driver_actions/unclassified;gaze_on_road/looking_road;hands_using_wheel/only_left
4896,gaze_on_road/looking_road;hands_using_wheel/only_left
4912,driver_actions/texting_right;gaze_on_road/looking_road;hands_using_wheel/only_left
4928,driver_actions/texting_right;gaze_on_road/looking_road;hands_using_wheel/only_left
4944,driver_actions/texting_right;gaze_on_road/looking_road;hands_using_wheel/only_left
4960,driver_actions/texting_right;gaze_on_road/looking_road;gaze_on_road/not_looking_road;hands_using_wheel/only_left
4976,driver_actions/texting_right;gaze_on_road/looking_road;gaze_on_road/not_looking_road;hands_using_wheel/only_left
4992,driver_actions/texting_right;gaze_on_road/looking_road;hands_using_wheel/only_left
5008,driver_actions/texting_right;gaze_on_road/looking_road;hands_using_wheel/only_left
5024,driver_actions/texting_right;gaze_on_road/not_looking_road;hands_using_wheel/only_left
5040,driver_actions/texting_right;gaze_on_road/looking_road;hands_using_wheel/only_left
5056,driver_actions/texting_right;gaze_on_road/looking_road;hands_using_wheel/only_left
5072,driver_actions/texting_right;gaze_on_road/looking_road;gaze_on_road/not_looking_road;hands_using_wheel/only_left
5088,driver_actions/texting_right;gaze_on_road/looking_road;gaze_on_road/not_looking_road;hands_using_wheel/only_left
5104,driver_actions/texting_right;gaze_on_road/looking_road;gaze_on_road/not_looking_road;hands_using_wheel/only_left
5120,driver_actions/texting_right;gaze_on_road/looking_road;gaze_on_road/not_looking_road;hands_using_wheel/only_left
5136,gaze_on_road/looking_road;hands_using_wheel/only_left
5152,driver_actions/texting_right;gaze_on_road/looking_road;hands_using_wheel/only_left
5168,driver_actions/texting_right;gaze_on_road/looking_road;gaze_on_road/not_looking_road;hands_using_wheel/only_left
5184,driver_actions/texting_right;gaze_on_road/looking_road;gaze_on_road/not_looking_road;hands_using_wheel/only_left
5200,driver_actions/texting_right;gaze_on_road/looking_road;hands_using_wheel/only_left
5216,driver_actions/texting_right;gaze_on_road/looking_road;hands_using_wheel/only_left
5232,driver_actions/texting_right;gaze_on_road/looking_road;hands_using_wheel/only_left
5248,driver_actions/texting_right;gaze_on_road/looking_road;hands_using_wheel/only_left
5264,driver_actions/texting_right;gaze_on_road/looking_road;hands_using_wheel/only_left
5280,driver_actions/texting_right;gaze_on_road/looking_road;gaze_on_road/not_looking_road;hands_using_wheel/only_left
5296,driver_actions/texting_right;gaze_on_road/not_looking_road;hands_using_wheel/only_left
5312,driver_actions/texting_right;gaze_on_road/looking_road;hands_using_wheel/only_left
5328,driver_actions/texting_right;gaze_on_road/looking_road;hands_using_wheel/only_left
5344,driver_actions/texting_right;gaze_on_road/not_looking_road;hands_using_wheel/only_left
5360,driver_actions/texting_right;gaze_on_road/looking_road;hands_using_wheel/only_left
5376,driver_actions/texting_right;gaze_on_road/looking_road;hands_using_wheel/only_left
5392,driver_actions/texting_right;gaze_on_road/looking_road;hands_using_wheel/only_left
5408,driver_actions/texting_right;gaze_on_road/looking_road;gaze_on_road/not_looking_road;hands_using_wheel/only_left
5424,driver_actions/texting_right;gaze_on_road/looking_road;hands_using_wheel/only_left
5440,driver_actions/texting_right;gaze_on_road/looking_road;gaze_on_road/not_looking_road;hands_using_wheel/only_left
5456,driver_actions/texting_right;gaze_on_road/not_looking_road;hands_using_wheel/only_left
5472,driver_actions/texting_right;gaze_on_road/not_looking_road;hands_using_wheel/only_left
5488,driver_actions/texting_right;gaze_on_road/not_looking_road;hands_using_wheel/only_left
5504,driver_actions/texting_right;gaze_on_road/looking_road;gaze_on_road/not_looking_road;hands_using_wheel/only_left
5520,driver_actions/texting_right;gaze_on_road/looking_road;gaze_on_road/not_looking_road;hands_using_wheel/only_left
5536,driver_actions/reach_side;gaze_on_road/looking_road;gaze_on_road/not_looking_road;hands_using_wheel/only_left
5552,driver_actions/reach_side;gaze_on_road/looking_road;gaze_on_road/not_looking_road;hands_using_wheel/only_left
5568,driver_actions/reach_side;gaze_on_road/looking_road;hands_using_wheel/only_left
5584,driver_actions/reach_side;driver_actions/safe_drive;gaze_on_road/looking_road;hands_using_wheel/only_left
5600,driver_actions/safe_drive;gaze_on_road/looking_road;hands_using_wheel/both
5616,driver_actions/safe_drive;gaze_on_road/looking_road;hands_using_wheel/both
5632,driver_actions/safe_drive;gaze_on_road/looking_road;hands_using_wheel/both
5648,driver_actions/safe_drive;gaze_on_road/looking_road;hands_using_wheel/both
5664,driver_actions/safe_drive;gaze_on_road/looking_road;hands_using_wheel/both
5680,driver_actions/safe_drive;gaze_on_road/looking_road;hands_using_wheel/both
5696,driver_actions/safe_drive;gaze_on_road/looking_road;hands_using_wheel/both
5712,driver_actions/safe_drive;gaze_on_road/looking_road;hands_using_wheel/both
5728,driver_actions/safe_drive;gaze_on_road/looking_road;hands_using_wheel/both
5744,driver_actions/safe_drive;gaze_on_road/looking_road;hands_using_wheel/both
5760,driver_actions/safe_drive;gaze_on_road/looking_road;hands_using_wheel/both
5776,driver_actions/safe_drive;gaze_on_road/looking_road;hands_using_wheel/both
5792,driver_actions/safe_drive;gaze_on_road/looking_road;hands_using_wheel/both
5808,driver_actions/safe_drive;gaze_on_road/looking_road;hands_using_wheel/both
5824,driver_actions/safe_drive;gaze_on_road/looking_road;hands_using_wheel/both
5840,driver_actions/safe_drive;gaze_on_road/looking_road;hands_using_wheel/both
5856,driver_actions/safe_drive;gaze_on_road/looking_road;hands_using_wheel/both
5872,driver_actions/safe_drive;gaze_on_road/looking_road;hands_using_wheel/both
5888,driver_actions/safe_drive;gaze_on_road/looking_road;hands_using_wheel/both
5904,driver_actions/safe_drive;gaze_on_road/looking_road;hands_using_wheel/both
5920,driver_actions/safe_drive;gaze_on_road/looking_road;hands_using_wheel/both
5936,driver_actions/safe_drive;gaze_on_road/looking_road;hands_using_wheel/both
5952,driver_actions/safe_drive;gaze_on_road/looking_road;hands_using_wheel/both
5968,driver_actions/safe_drive;gaze_on_road/looking_road;hands_using_wheel/both
5984,driver_actions/reach_side;gaze_on_road/not_looking_road;hands_using_wheel/only_left
6000,driver_actions/reach_side;gaze_on_road/looking_road;hands_using_wheel/only_left
6016,driver_actions/reach_side;gaze_on_road/looking_road;hands_using_wheel/only_left
6032,driver_actions/reach_side;gaze_on_road/looking_road;gaze_on_road/not_looking_road;hands_using_wheel/only_left
6048,driver_actions/reach_side;gaze_on_road/looking_road;gaze_on_road/not_looking_road;hands_using_wheel/only_left
6064,driver_actions/reach_side;gaze_on_road/looking_road;gaze_on_road/not_looking_road;hands_using_wheel/only_left
6080,driver_actions/reach_side;gaze_on_road/looking_road;hands_using_wheel/only_left
6096,driver_actions/reach_side;gaze_on_road/looking_road;hands_using_wheel/only_left
6112,driver_actions/reach_side;gaze_on_road/looking_road;hands_using_wheel/only_left
6128,gaze_on_road/looking_road;hands_using_wheel/only_left
6144,gaze_on_road/looking_road;hands_using_wheel/only_left
6160,gaze_on_road/looking_road;hands_using_wheel/only_left
6176,driver_actions/hair_and_makeup;gaze_on_road/looking_road;gaze_on_road/not_looking_road;hands_using_wheel/only_left
6192,driver_actions/hair_and_makeup;gaze_on_road/not_looking_road;hands_using_wheel/only_left
6208,driver_actions/hair_and_makeup;gaze_on_road/not_looking_road;hands_using_wheel/only_left
6224,driver_actions/hair_and_makeup;gaze_on_road/looking_road;hands_using_wheel/only_left
6240,driver_actions/hair_and_makeup;gaze_on_road/looking_road;gaze_on_road/not_looking_road;hands_using_wheel/only_left
6256,driver_actions/hair_and_makeup;gaze_on_road/not_looking_road;hands_using_wheel/only_left
6272,driver_actions/hair_and_makeup;gaze_on_road/not_looking_road;hands_using_wheel/only_left
6288,driver_actions/hair_and_makeup;gaze_on_road/looking_road;gaze_on_road/not_looking_road;hands_using_wheel/only_left
6304,driver_actions/hair_and_makeup;gaze_on_road/not_looking_road;hands_using_wheel/only_left
6320,driver_actions/reach_side;gaze_on_road/looking_road;gaze_on_road/not_looking_road;hands_using_wheel/only_left
6336,driver_actions/reach_side;gaze_on_road/looking_road;hands_using_wheel/only_left
6352,driver_actions/reach_side;gaze_on_road/looking_road;hands_using_wheel/only_left
6368,driver_actions/reach_side;gaze_on_road/looking_road;hands_using_wheel/only_left
6384,driver_actions/reach_side;gaze_on_road/looking_road;hands_using_wheel/only_left
6400,gaze_on_road/looking_road;hands_using_wheel/only_left
6416,driver_actions/reach_backseat;gaze_on_road/looking_road;hands_using_wheel/only_left
6432,driver_actions/reach_backseat;gaze_on_road/looking_road;hands_using_wheel/only_left
6448,driver_actions/reach_side;gaze_on_road/looking_road;gaze_on_road/not_looking_road;hands_using_wheel/only_left
6464,driver_actions/reach_side;gaze_on_road/looking_road;hands_using_wheel/only_left
6480,driver_actions/safe_drive;gaze_on_road/looking_road;hands_using_wheel/both
6496,driver_actions/safe_drive;gaze_on_road/looking_road;hands_using_wheel/both
6512,driver_actions/safe_drive;gaze_on_road/looking_road;hands_using_wheel/both
6528,driver_actions/safe_drive;gaze_on_road/looking_road;hands_using_wheel/both
6544,driver_actions/safe_drive;gaze_on_road/looking_road;hands_using_wheel/both
6560,driver_actions/safe_drive;gaze_on_road/looking_road;hands_using_wheel/both
6576,driver_actions/safe_drive;gaze_on_road/looking_road;hands_using_wheel/both
6592,driver_actions/safe_drive;gaze_on_road/looking_road;hands_using_wheel/both
6608,driver_actions/safe_drive;gaze_on_road/looking_road;hands_using_wheel/both
6624,driver_actions/safe_drive;gaze_on_road/looking_road;hands_using_wheel/both
6640,driver_actions/safe_drive;gaze_on_road/looking_road;hands_using_wheel/both
6656,driver_actions/safe_drive;gaze_on_road/looking_road;hands_using_wheel/both
6672,driver_actions/safe_drive;gaze_on_road/looking_road;hands_using_wheel/both
6688,driver_actions/safe_drive;gaze_on_road/looking_road;hands_using_wheel/both
6704,driver_actions/safe_drive;gaze_on_road/looking_road;hands_using_wheel/both
6720,driver_actions/safe_drive;gaze_on_road/looking_road;hands_using_wheel/both
6736,driver_actions/safe_drive;gaze_on_road/looking_road;hands_using_wheel/both
6752,driver_actions/safe_drive;gaze_on_road/looking_road;hands_using_wheel/both
6768,driver_actions/safe_drive;gaze_on_road/looking_road;hands_using_wheel/both
6784,driver_actions/safe_drive;gaze_on_road/looking_road;hands_using_wheel/both
6800,driver_actions/safe_drive;gaze_on_road/looking_road;hands_using_wheel/both
6816,driver_actions/safe_drive;gaze_on_road/looking_road;hands_using_wheel/both
6832,driver_actions/safe_drive;gaze_on_road/not_looking_road;hands_using_wheel/both
6848,driver_actions/reach_side;gaze_on_road/looking_road;hands_using_wheel/only_left
6864,driver_actions/reach_side;gaze_on_road/looking_road;hands_using_wheel/only_left
6880,driver_actions/reach_side;driver_actions/unclassified;gaze_on_road/looking_road;hands_using_wheel/none;hands_using_wheel/only_left
6896,driver_actions/texting_left;gaze_on_road/looking_road;gaze_on_road/not_looking_road;hands_using_wheel/only_right
6912,driver_actions/unclassified;gaze_on_road/looking_road;hands_using_wheel/only_right
6928,driver_actions/unclassified;gaze_on_road/looking_road;hands_using_wheel/only_right
6944,driver_actions/texting_left;gaze_on_road/looking_road;gaze_on_road/not_looking_road;hands_using_wheel/only_right
6960,driver_actions/texting_left;gaze_on_road/looking_road;hands_using_wheel/only_right
6976,gaze_on_road/looking_road;hands_using_wheel/only_right
6992,driver_actions/phonecall_left;gaze_on_road/looking_road;hands_using_wheel/only_right
7008,driver_actions/phonecall_left;gaze_on_road/looking_road;hands_using_wheel/only_right;talking/talking
7024,driver_actions/phonecall_left;gaze_on_road/looking_road;hands_using_wheel/only_right;talking/talking
7040,driver_actions/phonecall_left;gaze_on_road/looking_road;hands_using_wheel/only_right
7056,driver_actions/phonecall_left;gaze_on_road/looking_road;hands_using_wheel/only_right
7072,driver_actions/phonecall_left;gaze_on_road/looking_road;hands_using_wheel/only_right
7088,driver_actions/phonecall_left;gaze_on_road/looking_road;hands_using_wheel/only_right
7104,driver_actions/phonecall_left;gaze_on_road/looking_road;hands_using_wheel/only_right
7120,driver_actions/phonecall_left;gaze_on_road/looking_road;hands_using_wheel/only_right
7136,driver_actions/phonecall_left;gaze_on_road/looking_road;hands_using_wheel/only_right
7152,driver_actions/phonecall_left;gaze_on_road/looking_road;hands_using_wheel/only_right;talking/talking
7168,driver_actions/phonecall_left;gaze_on_road/looking_road;hands_using_wheel/only_right
7184,driver_actions/phonecall_left;gaze_on_road/looking_road;hands_using_wheel/only_right;talking/talking
7200,driver_actions/phonecall_left;gaze_on_road/looking_road;hands_using_wheel/only_right
7216,driver_actions/phonecall_left;gaze_on_road/looking_road;hands_using_wheel/only_right;talking/talking
7232,driver_actions/phonecall_left;gaze_on_road/looking_road;hands_using_wheel/only_right
7248,driver_actions/phonecall_left;gaze_on_road/looking_road;hands_using_wheel/only_right
7264,driver_actions/phonecall_left;gaze_on_road/looking_road;hands_using_wheel/only_right
7280,driver_actions/phonecall_left;gaze_on_road/looking_road;hands_using_wheel/only_right;talking/talking
7296,driver_actions/phonecall_left;gaze_on_road/looking_road;hands_using_wheel/only_right
7312,driver_actions/phonecall_left;gaze_on_road/looking_road;hands_using_wheel/only_right
7328,driver_actions/phonecall_left;gaze_on_road/looking_road;hands_using_wheel/only_right
7344,driver_actions/phonecall_left;gaze_on_road/looking_road;hands_using_wheel/only_right
7360,driver_actions/phonecall_left;gaze_on_road/looking_road;hands_using_wheel/only_right
7376,driver_actions/phonecall_left;gaze_on_road/looking_road;hands_using_wheel/only_right
7392,driver_actions/phonecall_left;gaze_on_road/looking_road;hands_using_wheel/only_right;talking/talking
7408,driver_actions/phonecall_left;gaze_on_road/looking_road;hands_using_wheel/only_right
7424,driver_actions/phonecall_left;gaze_on_road/looking_road;hands_using_wheel/only_right
7440,driver_actions/phonecall_left;gaze_on_road/looking_road;hands_using_wheel/only_right
7456,driver_actions/phonecall_left;gaze_on_road/looking_road;hands_using_wheel/only_right
7472,driver_actions/phonecall_left;gaze_on_road/looking_road;hands_using_wheel/only_right
7488,driver_actions/phonecall_left;gaze_on_road/looking_road;hands_using_wheel/only_right
7504,driver_actions/phonecall_left;gaze_on_road/looking_road;hands_using_wheel/only_right
7520,driver_actions/phonecall_left;gaze_on_road/looking_road;hands_using_wheel/only_right
7536,driver_actions/phonecall_left;gaze_on_road/looking_road;hands_using_wheel/only_right
7552,driver_actions/phonecall_left;gaze_on_road/looking_road;hands_using_wheel/only_right
7568,driver_actions/phonecall_left;gaze_on_road/looking_road;hands_using_wheel/only_right;talking/talking
7584,driver_actions/phonecall_left;gaze_on_road/looking_road;hands_using_wheel/only_right;talking/talking
7600,driver_actions/phonecall_left;gaze_on_road/looking_road;hands_using_wheel/only_right
7616,driver_actions/phonecall_left;gaze_on_road/looking_road;hands_using_wheel/only_right
7632,driver_actions/phonecall_left;gaze_on_road/looking_road;hands_using_wheel/only_right;talking/talking
7648,driver_actions/phonecall_left;gaze_on_road/looking_road;hands_using_wheel/only_right
7664,driver_actions/phonecall_left;gaze_on_road/looking_road;hands_using_wheel/only_right
7680,driver_actions/phonecall_left;gaze_on_road/looking_road;hands_using_wheel/only_right
7696,driver_actions/phonecall_left;gaze_on_road/looking_road;hands_using_wheel/only_right
7712,driver_actions/phonecall_left;gaze_on_road/looking_road;hands_using_wheel/only_right
7728,driver_actions/phonecall_left;gaze_on_road/looking_road;hands_using_wheel/only_right
7744,driver_actions/phonecall_left;gaze_on_road/looking_road;hands_using_wheel/only_right
7760,driver_actions/phonecall_left;gaze_on_road/looking_road;hands_using_wheel/only_right
7776,driver_actions/phonecall_left;gaze_on_road/looking_road;hands_using_wheel/only_right
7792,driver_actions/phonecall_left;gaze_on_road/looking_road;hands_using_wheel/only_right
7808,driver_actions/phonecall_left;gaze_on_road/looking_road;hands_using_wheel/only_right
7824,driver_actions/phonecall_left;gaze_on_road/looking_road;hands_using_wheel/only_right
7840,driver_actions/phonecall_left;gaze_on_road/looking_road;hands_using_wheel/only_right
7856,driver_actions/phonecall_left;gaze_on_road/looking_road;hands_using_wheel/only_right
7872,driver_actions/phonecall_left;gaze_on_road/looking_road;hands_using_wheel/only_right
7888,driver_actions/phonecall_left;gaze_on_road/looking_road;hands_using_wheel/only_right
7904,driver_actions/phonecall_left;gaze_on_road/looking_road;hands_using_wheel/only_right
7920,driver_actions/phonecall_left;gaze_on_road/looking_road;hands_using_wheel/only_right
7936,driver_actions/phonecall_left;gaze_on_road/looking_road;hands_using_wheel/only_right
7952,driver_actions/phonecall_left;gaze_on_road/looking_road;hands_using_wheel/only_right
7968,driver_actions/safe_drive;gaze_on_road/looking_road;gaze_on_road/not_looking_road;hands_using_wheel/both
7984,driver_actions/safe_drive;gaze_on_road/looking_road;hands_using_wheel/both
8000,driver_actions/safe_drive;gaze_on_road/looking_road;hands_using_wheel/both;hands_using_wheel/only_right
8016,gaze_on_road/looking_road;hands_using_wheel/both;hands_using_wheel/only_right
8032,driver_actions/reach_side;driver_actions/safe_drive;gaze_on_road/looking_road;hands_using_wheel/both;hands_using_wheel/only_right
8048,driver_actions/phonecall_left;gaze_on_road/looking_road;hands_using_wheel/only_right
8064,driver_actions/phonecall_left;gaze_on_road/looking_road;hands_using_wheel/only_right
8080,driver_actions/safe_drive;gaze_on_road/looking_road;hands_using_wheel/only_right
8096,driver_actions/safe_drive;gaze_on_road/looking_road;hands_using_wheel/both
8112,driver_actions/safe_drive;gaze_on_road/looking_road;hands_using_wheel/both
8128,driver_actions/safe_drive;gaze_on_road/looking_road;hands_using_wheel/both
8144,driver_actions/safe_drive;gaze_on_road/looking_road;hands_using_wheel/both
8160,driver_actions/safe_drive;gaze_on_road/looking_road;hands_using_wheel/both
8176,driver_actions/safe_drive;gaze_on_road/looking_road;hands_using_wheel/both
8192,driver_actions/safe_drive;gaze_on_road/looking_road;hands_using_wheel/both
8208,driver_actions/safe_drive;gaze_on_road/looking_road;hands_using_wheel/both
8224,driver_actions/safe_drive;gaze_on_road/looking_road;hands_using_wheel/both
8240,driver_actions/safe_drive;gaze_on_road/looking_road;hands_using_wheel/both
8256,driver_actions/safe_drive;gaze_on_road/looking_road;hands_using_wheel/both
8272,driver_actions/safe_drive;gaze_on_road/looking_road;hands_using_wheel/both
8288,driver_actions/safe_drive;gaze_on_road/looking_road;hands_using_wheel/both
8304,driver_actions/safe_drive;gaze_on_road/looking_road;hands_using_wheel/both
8320,driver_actions/safe_drive;gaze_on_road/looking_road;hands_using_wheel/both
8336,driver_actions/safe_drive;gaze_on_road/looking_road;hands_using_wheel/both;hands_using_wheel/only_right
8352,gaze_on_road/looking_road;hands_using_wheel/only_right
8368,driver_actions/reach_side;driver_actions/safe_drive;gaze_on_road/looking_road;hands_using_wheel/both;hands_using_wheel/only_left
8384,driver_actions/reach_side;gaze_on_road/looking_road;hands_using_wheel/only_left
8400,driver_actions/unclassified;gaze_on_road/looking_road;hands_using_wheel/none;hands_using_wheel/only_left
8416,driver_actions/unclassified;gaze_on_road/looking_road;hands_using_wheel/none
8432,driver_actions/unclassified;gaze_on_road/looking_road;hands_using_wheel/only_left
8448,driver_actions/texting_left;driver_actions/unclassified;gaze_on_road/looking_road;hands_using_wheel/none;hands_using_wheel/only_right
8464,driver_actions/texting_left;gaze_on_road/looking_road;gaze_on_road/not_looking_road;hands_using_wheel/only_right
8480,driver_actions/safe_drive;gaze_on_road/looking_road;hands_using_wheel/both
8496,driver_actions/texting_left;gaze_on_road/looking_road;hands_using_wheel/only_right
8512,driver_actions/texting_left;gaze_on_road/looking_road;gaze_on_road/not_looking_road;hands_using_wheel/only_right
8528,driver_actions/texting_left;gaze_on_road/looking_road;gaze_on_road/not_looking_road;hands_using_wheel/only_right
8544,driver_actions/texting_left;gaze_on_road/looking_road;gaze_on_road/not_looking_road;hands_using_wheel/only_right
8560,driver_actions/texting_left;gaze_on_road/looking_road;gaze_on_road/not_looking_road;hands_using_wheel/only_right
8576,driver_actions/texting_left;gaze_on_road/looking_road;gaze_on_road/not_looking_road;hands_using_wheel/only_right
8592,driver_actions/texting_left;gaze_on_road/looking_road;gaze_on_road/not_looking_road;hands_using_wheel/only_right
8608,driver_actions/texting_left;gaze_on_road/looking_road;gaze_on_road/not_looking_road;hands_using_wheel/only_right
8624,driver_actions/texting_left;gaze_on_road/looking_road;gaze_on_road/not_looking_road;hands_using_wheel/only_right
8640,driver_actions/texting_left;gaze_on_road/looking_road;gaze_on_road/not_looking_road;hands_using_wheel/only_right
8656,driver_actions/texting_left;gaze_on_road/looking_road;gaze_on_road/not_looking_road;hands_using_wheel/only_right
8672,driver_actions/texting_left;gaze_on_road/looking_road;gaze_on_road/not_looking_road;hands_using_wheel/only_right
8688,driver_actions/texting_left;gaze_on_road/looking_road;gaze_on_road/not_looking_road;hands_using_wheel/only_right
8704,driver_actions/texting_left;gaze_on_road/looking_road;gaze_on_road/not_looking_road;hands_using_wheel/only_right
8720,driver_actions/texting_left;gaze_on_road/looking_road;gaze_on_road/not_looking_road;hands_using_wheel/only_right
8736,driver_actions/texting_left;gaze_on_road/looking_road;gaze_on_road/not_looking_road;hands_using_wheel/only_right
8752,driver_actions/texting_left;gaze_on_road/looking_road;gaze_on_road/not_looking_road;hands_using_wheel/only_right
8768,driver_actions/texting_left;gaze_on_road/looking_road;gaze_on_road/not_looking_road;hands_using_wheel/only_right
8784,driver_actions/texting_left;gaze_on_road/looking_road;gaze_on_road/not_looking_road;hands_using_wheel/only_right
8800,driver_actions/texting_left;gaze_on_road/looking_road;gaze_on_road/not_looking_road;hands_using_wheel/only_right
8816,driver_actions/texting_left;gaze_on_road/looking_road;gaze_on_road/not_looking_road;hands_using_wheel/only_right
8832,driver_actions/texting_left;gaze_on_road/looking_road;gaze_on_road/not_looking_road;hands_using_wheel/only_right
8848,driver_actions/texting_left;gaze_on_road/looking_road;gaze_on_road/not_looking_road;hands_using_wheel/only_right
8864,driver_actions/texting_left;gaze_on_road/looking_road;gaze_on_road/not_looking_road;hands_using_wheel/only_right
8880,driver_actions/texting_left;gaze_on_road/looking_road;gaze_on_road/not_looking_road;hands_using_wheel/only_right
8896,driver_actions/texting_left;gaze_on_road/looking_road;gaze_on_road/not_looking_road;hands_using_wheel/only_right
8912,driver_actions/texting_left;gaze_on_road/looking_road;gaze_on_road/not_looking_road;hands_using_wheel/only_right
8928,driver_actions/texting_left;gaze_on_road/looking_road;gaze_on_road/not_looking_road;hands_using_wheel/only_right
8944,driver_actions/unclassified;gaze_on_road/looking_road;hands_using_wheel/only_right
8960,driver_actions/reach_side;gaze_on_road/looking_road;hands_using_wheel/both;hands_using_wheel/only_right
8976,driver_actions/phonecall_left;driver_actions/reach_side;gaze_on_road/looking_road;hands_using_wheel/only_right
8992,driver_actions/reach_side;driver_actions/safe_drive;gaze_on_road/looking_road;hands_using_wheel/only_right
9008,driver_actions/safe_drive;gaze_on_road/looking_road;hands_using_wheel/only_right
9024,driver_actions/safe_drive;gaze_on_road/looking_road;hands_using_wheel/both
9040,driver_actions/safe_drive;gaze_on_road/looking_road;hands_using_wheel/both
9056,driver_actions/safe_drive;gaze_on_road/looking_road;hands_using_wheel/both
9072,driver_actions/safe_drive;gaze_on_road/looking_road;hands_using_wheel/both
9088,driver_actions/safe_drive;gaze_on_road/looking_road;hands_using_wheel/both
9104,driver_actions/safe_drive;gaze_on_road/looking_road;hands_using_wheel/both
9120,driver_actions/safe_drive;gaze_on_road/looking_road;hands_using_wheel/both
9136,driver_actions/safe_drive;gaze_on_road/looking_road;hands_using_wheel/both
9152,driver_actions/safe_drive;gaze_on_road/looking_road;hands_using_wheel/both
9168,driver_actions/safe_drive;gaze_on_road/looking_road;hands_using_wheel/both
9184,driver_actions/safe_drive;gaze_on_road/looking_road;hands_using_wheel/both
9200,driver_actions/safe_drive;gaze_on_road/looking_road;hands_using_wheel/both
9216,driver_actions/safe_drive;gaze_on_road/looking_road;hands_using_wheel/both
9232,driver_actions/safe_drive;gaze_on_road/looking_road;hands_using_wheel/both
9248,driver_actions/safe_drive;gaze_on_road/looking_road;hands_using_wheel/both
9264,driver_actions/safe_drive;gaze_on_road/looking_road;hands_using_wheel/both
9280,driver_actions/safe_drive;gaze_on_road/looking_road;hands_using_wheel/both
9296,driver_actions/safe_drive;gaze_on_road/looking_road;hands_using_wheel/both
9312,driver_actions/safe_drive;gaze_on_road/looking_road;hands_using_wheel/both
9328,driver_actions/safe_drive;gaze_on_road/looking_road;hands_using_wheel/both
9344,driver_actions/safe_drive;gaze_on_road/looking_road;hands_using_wheel/both
9360,driver_actions/reach_side;gaze_on_road/not_looking_road;hands_using_wheel/only_right
9376,driver_actions/phonecall_left;driver_actions/reach_side;gaze_on_road/looking_road;hands_using_wheel/only_right
9392,driver_actions/reach_side;gaze_on_road/looking_road;gaze_on_road/not_looking_road;hands_using_wheel/only_right
9408,driver_actions/texting_left;gaze_on_road/looking_road;gaze_on_road/not_looking_road;hands_using_wheel/only_right
9424,driver_actions/texting_left;gaze_on_road/looking_road;gaze_on_road/not_looking_road;hands_using_wheel/only_right
9440,driver_actions/phonecall_left;gaze_on_road/looking_road;hands_using_wheel/only_right
9456,driver_actions/phonecall_left;gaze_on_road/looking_road;hands_using_wheel/only_right
9472,driver_actions/phonecall_left;gaze_on_road/looking_road;hands_using_wheel/only_right;talking/talking
9488,driver_actions/phonecall_left;gaze_on_road/looking_road;hands_using_wheel/only_right
9504,driver_actions/phonecall_left;gaze_on_road/looking_road;hands_using_wheel/only_right
9520,driver_actions/phonecall_left;gaze_on_road/looking_road;hands_using_wheel/only_right
9536,driver_actions/phonecall_left;gaze_on_road/looking_road;hands_using_wheel/only_right;talking/talking
9552,driver_actions/phonecall_left;gaze_on_road/looking_road;hands_using_wheel/only_right
9568,driver_actions/phonecall_left;gaze_on_road/looking_road;hands_using_wheel/only_right
9584,driver_actions/phonecall_left;gaze_on_road/looking_road;hands_using_wheel/only_right
9600,driver_actions/phonecall_left;gaze_on_road/looking_road;hands_using_wheel/only_right
9616,driver_actions/phonecall_left;gaze_on_road/looking_road;hands_using_wheel/only_right;talking/talking
9632,driver_actions/phonecall_left;gaze_on_road/looking_road;hands_using_wheel/only_right
9648,driver_actions/phonecall_left;gaze_on_road/looking_road;hands_using_wheel/only_right
9664,driver_actions/phonecall_left;gaze_on_road/looking_road;hands_using_wheel/only_right
9680,driver_actions/phonecall_left;gaze_on_road/looking_road;hands_using_wheel/only_right
9696,driver_actions/phonecall_left;gaze_on_road/looking_road;hands_using_wheel/only_right
9712,driver_actions/phonecall_left;gaze_on_road/looking_road;hands_using_wheel/only_right
9728,driver_actions/phonecall_left;gaze_on_road/looking_road;hands_using_wheel/only_right
9744,driver_actions/phonecall_left;gaze_on_road/looking_road;hands_using_wheel/only_right;talking/talking
9760,driver_actions/phonecall_left;gaze_on_road/looking_road;hands_using_wheel/only_right
9776,driver_actions/phonecall_left;gaze_on_road/looking_road;hands_using_wheel/only_right
9792,driver_actions/phonecall_left;gaze_on_road/looking_road;hands_using_wheel/only_right
9808,driver_actions/phonecall_left;gaze_on_road/looking_road;hands_using_wheel/only_right;talking/talking
9824,driver_actions/phonecall_left;gaze_on_road/looking_road;hands_using_wheel/only_right;talking/talking
9840,driver_actions/phonecall_left;gaze_on_road/looking_road;hands_using_wheel/only_right
9856,driver_actions/phonecall_left;gaze_on_road/looking_road;hands_using_wheel/only_right
9872,driver_actions/phonecall_left;gaze_on_road/looking_road;hands_using_wheel/only_right
9888,driver_actions/phonecall_left;gaze_on_road/looking_road;hands_using_wheel/only_right
9904,driver_actions/phonecall_left;gaze_on_road/looking_road;hands_using_wheel/only_right
9920,driver_actions/phonecall_left;gaze_on_road/looking_road;hands_using_wheel/only_right
9936,driver_actions/phonecall_left;gaze_on_road/looking_road;hands_using_wheel/only_right
9952,driver_actions/phonecall_left;gaze_on_road/looking_road;hands_using_wheel/only_right;talking/talking
9968,driver_actions/phonecall_left;gaze_on_road/looking_road;hands_using_wheel/only_right
9984,driver_actions/phonecall_left;gaze_on_road/looking_road;hands_using_wheel/only_right;talking/talking
10000,driver_actions/phonecall_left;gaze_on_road/looking_road;hands_using_wheel/only_right;talking/talking
10016,driver_actions/phonecall_left;gaze_on_road/looking_road;hands_using_wheel/only_right
10032,driver_actions/phonecall_left;gaze_on_road/looking_road;hands_using_wheel/only_right;talking/talking
10048,driver_actions/phonecall_left;gaze_on_road/looking_road;hands_using_wheel/only_right
10064,driver_actions/phonecall_left;gaze_on_road/looking_road;hands_using_wheel/only_right
10080,driver_actions/phonecall_left;gaze_on_road/looking_road;hands_using_wheel/only_right
10096,driver_actions/phonecall_left;gaze_on_road/looking_road;hands_using_wheel/only_right;talking/talking
10112,driver_actions/phonecall_left;gaze_on_road/looking_road;hands_using_wheel/only_right
10128,driver_actions/phonecall_left;gaze_on_road/looking_road;hands_using_wheel/only_right
10144,driver_actions/phonecall_left;gaze_on_road/looking_road;hands_using_wheel/only_right
10160,driver_actions/phonecall_left;gaze_on_road/looking_road;hands_using_wheel/only_right
10176,driver_actions/phonecall_left;gaze_on_road/looking_road;hands_using_wheel/only_right
10192,driver_actions/phonecall_left;gaze_on_road/looking_road;hands_using_wheel/only_right
10208,driver_actions/phonecall_left;gaze_on_road/looking_road;hands_using_wheel/only_right;talking/talking
10224,driver_actions/phonecall_left;gaze_on_road/looking_road;hands_using_wheel/only_right
10240,driver_actions/phonecall_left;gaze_on_road/looking_road;hands_using_wheel/only_right
10256,driver_actions/phonecall_left;gaze_on_road/looking_road;hands_using_wheel/only_right
10272,driver_actions/phonecall_left;gaze_on_road/looking_road;hands_using_wheel/only_right
10288,driver_actions/phonecall_left;gaze_on_road/looking_road;hands_using_wheel/only_right;talking/talking
10304,driver_actions/phonecall_left;gaze_on_road/looking_road;hands_using_wheel/only_right;talking/talking
10320,driver_actions/phonecall_left;gaze_on_road/looking_road;hands_using_wheel/only_right;talking/talking
10336,driver_actions/phonecall_left;gaze_on_road/looking_road;hands_using_wheel/only_right
10352,driver_actions/phonecall_left;gaze_on_road/looking_road;hands_using_wheel/only_right
10368,driver_actions/phonecall_left;gaze_on_road/looking_road;hands_using_wheel/only_right;talking/talking
10384,driver_actions/phonecall_left;gaze_on_road/looking_road;hands_using_wheel/only_right
10400,driver_actions/phonecall_left;gaze_on_road/looking_road;hands_using_wheel/only_right
10416,driver_actions/phonecall_left;gaze_on_road/looking_road;hands_using_wheel/only_right
10432,driver_actions/phonecall_left;gaze_on_road/looking_road;hands_using_wheel/only_right
10448,driver_actions/phonecall_left;gaze_on_road/looking_road;hands_using_wheel/only_right
10464,driver_actions/phonecall_left;gaze_on_road/looking_road;hands_using_wheel/only_right
10480,driver_actions/phonecall_left;gaze_on_road/looking_road;hands_using_wheel/only_right
10496,driver_actions/phonecall_left;gaze_on_road/looking_road;hands_using_wheel/only_right
10512,driver_actions/phonecall_left;gaze_on_road/looking_road;hands_using_wheel/only_left
10528,driver_actions/phonecall_left;gaze_on_road/looking_road;hands_using_wheel/only_left;hands_using_wheel/only_right
10544,driver_actions/phonecall_left;gaze_on_road/looking_road;hands_using_wheel/only_right
10560,driver_actions/phonecall_left;gaze_on_road/looking_road;hands_using_wheel/only_right
10576,driver_actions/phonecall_left;gaze_on_road/looking_road;hands_using_wheel/only_right;talking/talking
10592,driver_actions/phonecall_left;gaze_on_road/looking_road;hands_using_wheel/only_right
10608,driver_actions/phonecall_left;gaze_on_road/looking_road;hands_using_wheel/only_right
10624,gaze_on_road/not_looking_road;hands_using_wheel/only_right
10640,driver_actions/reach_side;gaze_on_road/not_looking_road;hands_using_wheel/only_right
10656,driver_actions/reach_side;gaze_on_road/looking_road;gaze_on_road/not_looking_road;hands_using_wheel/only_right
10672,driver_actions/reach_side;gaze_on_road/looking_road;hands_using_wheel/only_right
10688,driver_actions/safe_drive;gaze_on_road/looking_road;hands_using_wheel/both
10704,driver_actions/safe_drive;gaze_on_road/looking_road;hands_using_wheel/both
10720,driver_actions/safe_drive;gaze_on_road/looking_road;hands_using_wheel/both
10736,driver_actions/safe_drive;gaze_on_road/looking_road;hands_using_wheel/both
10752,driver_actions/safe_drive;gaze_on_road/looking_road;hands_using_wheel/both
10768,driver_actions/safe_drive;gaze_on_road/looking_road;hands_using_wheel/both
10784,driver_actions/safe_drive;gaze_on_road/looking_road;hands_using_wheel/both
10800,driver_actions/safe_drive;gaze_on_road/looking_road;hands_using_wheel/both
10816,driver_actions/safe_drive;gaze_on_road/looking_road;hands_using_wheel/both
10832,driver_actions/safe_drive;gaze_on_road/looking_road;hands_using_wheel/both
10848,driver_actions/safe_drive;gaze_on_road/looking_road;hands_using_wheel/both
10864,driver_actions/safe_drive;gaze_on_road/looking_road;hands_using_wheel/both
10880,driver_actions/safe_drive;gaze_on_road/looking_road;hands_using_wheel/both
10896,driver_actions/safe_drive;gaze_on_road/looking_road;gaze_on_road/not_looking_road;hands_using_wheel/both
10912,driver_actions/reach_side;gaze_on_road/looking_road;gaze_on_road/not_looking_road;hands_using_wheel/only_right
10928,driver_actions/reach_side;gaze_on_road/looking_road;gaze_on_road/not_looking_road;hands_using_wheel/only_right
10944,driver_actions/reach_side;gaze_on_road/looking_road;hands_using_wheel/only_right
10960,gaze_on_road/looking_road;gaze_on_road/not_looking_road;hands_using_wheel/only_right
10976,driver_actions/texting_left;gaze_on_road/looking_road;gaze_on_road/not_looking_road;hands_using_wheel/only_right
10992,driver_actions/texting_left;gaze_on_road/looking_road;hands_using_wheel/only_right
11008,driver_actions/texting_left;gaze_on_road/looking_road;gaze_on_road/not_looking_road;hands_using_wheel/only_right
11024,driver_actions/texting_left;gaze_on_road/looking_road;gaze_on_road/not_looking_road;hands_using_wheel/only_right
11040,driver_actions/texting_left;gaze_on_road/looking_road;hands_using_wheel/only_right
11056,driver_actions/texting_left;gaze_on_road/looking_road;gaze_on_road/not_looking_road;hands_using_wheel/only_right
11072,driver_actions/texting_left;gaze_on_road/looking_road;gaze_on_road/not_looking_road;hands_using_wheel/only_right
11088,driver_actions/texting_left;gaze_on_road/looking_road;gaze_on_road/not_looking_road;hands_using_wheel/only_right
11104,driver_actions/texting_left;gaze_on_road/looking_road;gaze_on_road/not_looking_road;hands_using_wheel/only_right
11120,driver_actions/texting_left;gaze_on_road/looking_road;gaze_on_road/not_looking_road;hands_using_wheel/only_right
11136,driver_actions/texting_left;gaze_on_road/looking_road;gaze_on_road/not_looking_road;hands_using_wheel/only_right
11152,driver_actions/texting_left;gaze_on_road/looking_road;gaze_on_road/not_looking_road;hands_using_wheel/only_right
11168,driver_actions/texting_left;gaze_on_road/looking_road;gaze_on_road/not_looking_road;hands_using_wheel/only_right
11184,gaze_on_road/looking_road;hands_using_wheel/only_right
11200,driver_actions/safe_drive;gaze_on_road/looking_road;hands_using_wheel/both
11216,driver_actions/safe_drive;gaze_on_road/looking_road;hands_using_wheel/both
11232,driver_actions/safe_drive;gaze_on_road/looking_road;hands_using_wheel/both
11248,driver_actions/texting_left;gaze_on_road/looking_road;gaze_on_road/not_looking_road;hands_using_wheel/only_right
11264,driver_actions/texting_left;gaze_on_road/looking_road;gaze_on_road/not_looking_road;hands_using_wheel/only_right
11280,driver_actions/texting_left;gaze_on_road/looking_road;gaze_on_road/not_looking_road;hands_using_wheel/only_right
11296,driver_actions/texting_left;gaze_on_road/looking_road;gaze_on_road/not_looking_road;hands_using_wheel/only_right
11312,driver_actions/texting_left;gaze_on_road/looking_road;gaze_on_road/not_looking_road;hands_using_wheel/only_right
11328,driver_actions/texting_left;gaze_on_road/looking_road;gaze_on_road/not_looking_road;hands_using_wheel/only_right
11344,driver_actions/texting_left;gaze_on_road/looking_road;gaze_on_road/not_looking_road;hands_using_wheel/only_right
11360,driver_actions/texting_left;gaze_on_road/looking_road;gaze_on_road/not_looking_road;hands_using_wheel/only_right
11376,driver_actions/texting_left;gaze_on_road/looking_road;gaze_on_road/not_looking_road;hands_using_wheel/only_right
11392,driver_actions/texting_left;gaze_on_road/looking_road;gaze_on_road/not_looking_road;hands_using_wheel/only_right
11408,driver_actions/texting_left;gaze_on_road/looking_road;gaze_on_road/not_looking_road;hands_using_wheel/only_right
11424,driver_actions/texting_left;gaze_on_road/looking_road;gaze_on_road/not_looking_road;hands_using_wheel/only_right
11440,driver_actions/texting_left;gaze_on_road/looking_road;gaze_on_road/not_looking_road;hands_using_wheel/only_right
11456,driver_actions/texting_left;gaze_on_road/looking_road;gaze_on_road/not_looking_road;hands_using_wheel/only_right
11472,driver_actions/texting_left;gaze_on_road/looking_road;gaze_on_road/not_looking_road;hands_using_wheel/only_right
11488,driver_actions/texting_left;gaze_on_road/looking_road;gaze_on_road/not_looking_road;hands_using_wheel/only_right
11504,driver_actions/safe_drive;gaze_on_road/looking_road;hands_using_wheel/both;hands_using_wheel/only_right
11520,driver_actions/safe_drive;gaze_on_road/looking_road;hands_using_wheel/both;hands_using_wheel/only_right
11536,driver_actions/reach_side;gaze_on_road/looking_road;hands_using_wheel/only_right
11552,gaze_on_road/looking_road;hands_using_wheel/only_right
11568,driver_actions/reach_side;driver_actions/safe_drive;gaze_on_road/looking_road;hands_using_wheel/both;hands_using_wheel/only_right
11584,driver_actions/safe_drive;gaze_on_road/looking_road;hands_using_wheel/both
11600,driver_actions/safe_drive;gaze_on_road/looking_road;hands_using_wheel/both
11616,driver_actions/safe_drive;gaze_on_road/looking_road;hands_using_wheel/both
11632,driver_actions/safe_drive;gaze_on_road/looking_road;hands_using_wheel/both
11648,driver_actions/safe_drive;gaze_on_road/looking_road;hands_using_wheel/both
11664,driver_actions/safe_drive;gaze_on_road/looking_road;hands_using_wheel/both
11680,driver_actions/safe_drive;gaze_on_road/looking_road;hands_using_wheel/both
11696,driver_actions/safe_drive;gaze_on_road/looking_road;hands_using_wheel/both
11712,driver_actions/safe_drive;gaze_on_road/looking_road;hands_using_wheel/both;hands_using_wheel/only_left
11728,driver_actions/reach_side;gaze_on_road/looking_road;hands_using_wheel/only_left
11744,driver_actions/reach_side;gaze_on_road/looking_road;hands_using_wheel/only_left
11760,driver_actions/reach_side;gaze_on_road/looking_road;hands_using_wheel/only_left
11776,driver_actions/reach_side;gaze_on_road/looking_road;hands_using_wheel/only_left
11792,driver_actions/reach_side;gaze_on_road/looking_road;hands_using_wheel/only_left
11808,driver_actions/reach_side;gaze_on_road/looking_road;hands_using_wheel/only_left
11824,driver_actions/reach_side;gaze_on_road/looking_road;hands_using_wheel/only_left
11840,driver_actions/reach_side;gaze_on_road/looking_road;hands_using_wheel/only_left
11856,driver_actions/reach_side;driver_actions/safe_drive;gaze_on_road/looking_road;hands_using_wheel/both;hands_using_wheel/only_left
11872,driver_actions/reach_side;driver_actions/safe_drive;gaze_on_road/looking_road;hands_using_wheel/both;hands_using_wheel/only_left
11888,gaze_on_road/looking_road;hands_using_wheel/only_left
11904,gaze_on_road/looking_road;hands_using_wheel/only_left
11920,driver_actions/unclassified;gaze_on_road/looking_road;hands_using_wheel/only_left
11936,driver_actions/hair_and_makeup;gaze_on_road/looking_road;gaze_on_road/not_looking_road;hands_using_wheel/only_left
11952,driver_actions/hair_and_makeup;gaze_on_road/not_looking_road;hands_using_wheel/only_left
11968,driver_actions/hair_and_makeup;gaze_on_road/not_looking_road;hands_using_wheel/only_left
11984,gaze_on_road/looking_road;hands_using_wheel/only_left
12000,driver_actions/drinking;gaze_on_road/looking_road;hands_using_wheel/only_left
12016,driver_actions/hair_and_makeup;gaze_on_road/not_looking_road;hands_using_wheel/only_left
12032,driver_actions/hair_and_makeup;gaze_on_road/not_looking_road;hands_using_wheel/only_left
12048,driver_actions/hair_and_makeup;gaze_on_road/not_looking_road;hands_using_wheel/only_left
12064,driver_actions/reach_side;gaze_on_road/looking_road;hands_using_wheel/only_left
12080,driver_actions/reach_side;gaze_on_road/looking_road;hands_using_wheel/only_left
12096,driver_actions/reach_side;gaze_on_road/looking_road;hands_using_wheel/only_left
12112,driver_actions/reach_side;gaze_on_road/looking_road;hands_using_wheel/only_left
12128,driver_actions/reach_side;gaze_on_road/looking_road;hands_using_wheel/only_left
12144,driver_actions/reach_side;gaze_on_road/looking_road;hands_using_wheel/only_left
12160,driver_actions/reach_side;gaze_on_road/looking_road;hands_using_wheel/only_left
12176,driver_actions/reach_side;gaze_on_road/looking_road;hands_using_wheel/only_left
12192,driver_actions/reach_side;gaze_on_road/looking_road;hands_using_wheel/only_left
12208,driver_actions/reach_side;gaze_on_road/looking_road;hands_using_wheel/only_left
12224,driver_actions/reach_side;driver_actions/safe_drive;gaze_on_road/looking_road;hands_using_wheel/only_left
12240,driver_actions/safe_drive;gaze_on_road/looking_road;hands_using_wheel/both
12256,driver_actions/safe_drive;gaze_on_road/looking_road;hands_using_wheel/both
12272,driver_actions/safe_drive;gaze_on_road/looking_road;hands_using_wheel/both
12288,driver_actions/safe_drive;gaze_on_road/looking_road;hands_using_wheel/both
12304,driver_actions/safe_drive;gaze_on_road/looking_road;hands_using_wheel/both
12320,driver_actions/safe_drive;gaze_on_road/looking_road;hands_using_wheel/both
12336,driver_actions/safe_drive;gaze_on_road/looking_road;hands_using_wheel/both
12352,driver_actions/safe_drive;gaze_on_road/looking_road;hands_using_wheel/both
12368,driver_actions/safe_drive;gaze_on_road/looking_road;hands_using_wheel/both
